word,pronunciation,meaning,s1_1,s1_2,s2_1,s2_2,s3_1,s3_2,s4_1,s4_2,s5_1,s5_2
歌う,うたう,노래부르다,花(はな)笑(わら)い鳥(とり)歌(うた)う. ,꽃이 웃고 새가 지저귀다,声(こえ)高(たか)らかに歌(うた)う. ,소리 높이 노래 부르다,声(こえ)高(だか)らかに歌(うた)う. ,목소리도 드높이 노래 부르다,流行歌(りゅうこうか)一曲(いっきょく)を歌(うた)う. ,유행가 한 곡을 부르다,高音域(こうおんいき)を裏声(うらごえ)で歌(うた)う. ,높은 음역을 가성으로 노래하다
加える,くわえる,"더하다, 가하다","速力(そくりょく)を速(はや)める[増(ま)す, 加(くわ)える] ",속력을 더하다,天誅(てんちゅう)を下(くだ)す[加(くわ)える] ,하늘을 대신해 벌을 주다.,上陸地点(じょうりくちてん)に猛爆(もうばく)を加(くわ)える. ,상륙 지점에 맹폭을 가하다,執行(しっこう)計画(けいかく)に修正(しゅうせい)を加(くわ)える. ,집행 계획에 수정을 가하다,本文(ほんぶん)のわきに朱書(しゅがき)で注(ちゅう)を加(くわ)える. ,본문 옆에 주서로 주를 달다
可能,かのう,가능(+だ하다/+な한),可能(かのう) ,가능,そうする可能性(かのうせい)が多分(たぶん)にある. ,그럴 가능성이 다분히 있다,無限(むげん)の可能性(かのうせい)を秘(ひ)めた若者(わかもの). ,무한한 가능성을 가지고 있는 젊은이,どうやっても優勝(ゆうしょう)する可能性(かのうせい)は少(すく)ない. ,암만해도 우승할 가능성은 적다,"ロケットか,さもなければミサイルである可能性(かのうせい)が大(おお)きい ","로켓, 아니면 미사일일 가능성이 크다"
家賃,やちん,집세,家賃(やちん) ,집세.,家賃(やちん)を毎月(まいげつ)きちきちと払(はら)う. ,집세를 매달 또박또박 치르다,家賃(やちん)百万(ひゃくまん)ウォンが踏(ふ)み倒(たお)された. ,집세 백만 원이 떴다,大家(おおや)にかけ合(あ)って家賃(やちん)を負(ま)けてもらう. ,집주인에게 교섭하여 집세를 깎다,滞(とどこお)った家賃(やちん)を催促(さいそく)したって仕方(しかた)がない. ,밀린 집세를 잦출러 봐도 소용없다
歯,は,"이, 치아",行儀(ぎょうぎ)の悪(わる)い歯(は); 乱(らん)ぐい歯(ば) ,(치열이) 고르지 못한 치아,歯(は)がくさって根(ね)だけ残(のこ)った. ,이가 썩어 뿌리만 남았다,寒(さむ)くて歯(は)ががちがちと鳴(な)る. ,추워서 이가 딱딱 마친다,白(しろ)い歯(は)を見(み)せてにっと笑(わら)う. ,흰 이를 드러내고 씩 웃다,寒(さむ)くて歯(は)ががちがちと鳴(な)る. ,추워서 이가 떡떡 마주치다
仮定,かてい,가정,仮定(かてい) ,가정,"まだ仮定(かてい)の段階(だんかい)だから,はっきりしない. ",아직 가정의 단계라 확실하지 않다,多元(たげん)宇宙(うちゅう)論(ろん)は複数(ふくすう)の宇宙(うちゅう)の存在(そんざい)を仮定(かてい)する ,다중 우주론은 복수의 우주 존재를 가정한다,仮定(かてい)法(ほう) ,가정법.,仮定法(かていほう) ,가정법.
価値,かち,가치,彼(かれ)とは価値(かち)観(かん)が全(まった)く違(ちが)う. ,그와는 가치관이 전혀 다르다,希少性(きしょうせい)でその価値(かち)がもっと高(たか)い. ,희소성으로 그 가치가 더 높다,顧客(こきゃく)生涯(しょうがい)価値(かち)を分析(ぶんせき)[測定(そくてい)]する ,고객 생애 가치를 분석[측정]하다,伝統的(でんとうてき)な権威(けんい)と価値(かち)を否定(ひてい)する. ,전통적인 권위와 가치를 부정하다,新(あら)たな文化(ぶんか)[付加価値(ふかかち)]を創出(そうしゅつ)する. ,새로운 문화[부가 가치]를 창출하다
角,かど,모퉁이(+曲がる 돌다),角A(かくエー)と角B(かくビー)はたがいに補角(ほかく)をなす ,각 A와 각 B는 서로 보각을 이룬다.,牛(うし)が角(つの)で人(ひと)を突(つ)いた. ,소가 뿔로 사람을 떠받았다,目(め)に角(かど)を立(た)てて怒(おこ)る. ,눈에 쌍심지를 켜고 화를 내다,角(かく)A(かくエー)と角(かく)B(かくビー)は互(たが)いに補角(ほかく)をなす. ,각 A와 각 B는 서로 보각을 이룬다,角(かど)のある話(はな)し方(かた)をするな. ,모가 지게 말을 하지 마라
各国,かっこく,각국,各国(かっこく) ,각국,各国(かっこく)の首脳(しゅのう)が一堂(いちどう)に会(かい)する. ,각국의 수뇌가 한자리에 모이다,泰西(たいせい)各国(かっこく). ,태서 각국,世界(せかい)各国(かっこく)を歩(ある)き回(まわ)る. ,세계 각국을 돌아다니다,各国(かっこく)の人人(ひとびと)が雑居(ざっきょ)する. ,각국 사람이 잡거하다
各地,かくち,각지,各地(かくち) ,각지,各地(かくち)の代表(だいひょう)が続続(ぞくぞく)と入京(にゅうきょう)する. ,각처의 대표가 속속 입경하다,旅(たび)が好(す)きです.ですから各地(かくち)に友達(ともだち)がいます ,여행을 좋아합니다. 그래서 각지에 친구가 있습니다.,旅(たび)が好(す)きです.ですから各地(かくち)に友達(ともだち)がいます. ,여행을 좋아합니다. 그래서 각지에 친구가 있습니다,年初(ねんしょ)の各地(かくち)の表情(ひょうじょう). ,정초의 각지 표정
干す,ほす,말리다,甲羅(こうら)を干(ほ)す. ,엎드려 일광욕을 하다,染物(そめもの)を乾(かわ)かす[干(ほ)す] ,염색물을 말리다.,よく水洗(みずあら)いしてから干(ほ)す ,잘 헹군 다음에 말리다.,日陰(ひかげ)で干(ほ)す[乾(かわ)かす]; 陰干(かげぼ)しにする. ,응달에서 말리다,大杯(たいはい)を酌(く)み干(ほ)す ,큰 잔을 비우다.
間に合う,まにあう,"제시간에 맞추다, 아쉬운 대로 쓸 수 있다",間(ま)に合(あ)う ,제때에 대다,1万(いちまん)ウォンあれば間(ま)に合(あ)う. ,만 원 있으면 그런대로 괜찮다,急(いそ)げば間(ま)に合(あ)うだろうよ. ,빨리 가면 (시간에) 댈 수 있을 것일세,今(いま)からでもゆっくり間(ま)に合(あ)う. ,지금부터라도 넉넉히 시간에 댈 수 있다,終車(しゅうしゃ)に間(ま)に合(あ)う. ,막차 시간에 대다
間隔,かんかく,간격,二日(ふつか)の間隔(かんかく). ,이틀의 간극,五分(ごふん)間隔(かんかく)で発車(はっしゃ)する ,오 분 간격으로 발차하다.,程(ほど)よい間隔(かんかく)に木(き)を植(う)える ,알맞은 간격으로 나무를 심다.,電車(でんしゃ)の間隔(かんかく)も間遠(まどお)になる ,전차의 운행 간격도 뜸해지다,1(いっ)か月(げつ)に1度(いちど)の間隔(かんかく)でネイルショップに行(い)く ,한 달에 한 번꼴로 네일 숍에 간다
講演,こうえん,강연,講演(こうえん) ,강연.,講演(こうえん)者(しゃ)をやじり倒(たお)す. ,강연자에게 야유를 해서 연설을 못하게 하다,次(つぎ)の講演者(こうえんしゃ)が来(く)るまでつなぎに演説(えんぜつ)した. ,다음 연사가 올 때까지 시간 때우기로 연설했다,‘長生(ながい)きリスクへの対応(たいおう)'というテーマで講演(こうえん)する ,‘장수 리스크에 대한 대응'이라는 주제로 강연하다,臨地(りんち)講演(こうえん). ,임지 강연
強化,きょうか,강화,強化(きょうか) ,강화,休戦(きゅうせん)ラインの警備(けいび)が一層(いっそう)強化(きょうか)された. ,휴전선의 경비가 더욱 강화되었다,両国(りょうこく)の戦略(せんりゃく)的(てき)パートナーシップを強化(きょうか)する[強(つよ)める] ,양국의 전략적 파트너십을 강화하다,協力(きょうりょく)体制(たいせい)を強化(きょうか)する. ,협력 체제를 강화하다,陣容(じんよう)が強化(きょうか)される. ,진용이 강화되다
個人,こじん,개인,個人(こじん) ,개인,個人的(こじんてき)な事(こと)におせっかいするな. ,사사로운 일에 참견 마라,個人(こじん)の私行(しこう)を暴(あば)き立(た)てるのはよくない. ,개인의 사사로운 행위를 폭로하는 것은 좋지 않다,"個人(こじん)の権利(けんり)のため,ひいては人間(にんげん)の尊厳(そんげん)のため闘(たたか)う. ","개인의 권리를 위해서, 나아가서 인간의 존엄을 위해 싸운다",個人(こじん)差(さ)はあるが、超(ちょう)回復(かいふく)には約(やく)48(よんじゅうはち)-72(ななじゅうに)時間(じかん)ほど必要(ひつよう)とされる ,개인 차는 있지만 초과 회복에는 약 48-72시간 정도 소요된다
距離,きょり,거리,距離(きょり) ,거리,十分(じゅうぶん)な車間距離(しゃかんきょり)を取(と)る. ,충분한 차간 거리를 잡다,車間距離(しゃかんきょり)を十分(じゅうぶん)に取(と)る. ,차간 거리를 충분히 잡다,手(て)の届(とど)く近(ちか)い距離(きょり)にある. ,손길이 닿는 가까운 거리에 있다,二点(にてん)を結(むす)ぶ直線(ちょくせん)[最短距離(さいたんきょり)] ,두 점을 잇는 직선[최단 거리]
検査,けんさ,검사,検査(けんさ) ,검사,胃(い)の検査(けんさ)のため絶食(ぜっしょく)する. ,위 검사를 위하여 금식하다,経理検査(けいりけんさ)の受検(じゅけん)準備(じゅんび)をする. ,경리 검사의 수검 준비를 하다,血(ち)を少(すこ)し採(と)って血液(けつえき)型(がた)を検査(けんさ)する. ,피를 조금 뽑아서 혈액형을 검사하다,気(き)をもみながら検査(けんさ)の結果(けっか)を待(ま)っている. ,마음을 죄며 검사 결과를 기다리고 있다
田舎,いなか,시골,田舎(いなか)へ生活(せいかつ)費(ひ)を送(おく)る. ,시골에[시골집으로] 생활비를 내려 보내다,戦争(せんそう)のため田舎(いなか)に避難(ひなん)する. ,전쟁 때문에 시골로 피난하다,田舎(いなか)の品(しな)がソウルで売(う)られる. ,시골 물건이 서울에 치먹히다,あんな美人(びじん)は田舎(いなか)では珍(めずら)しい. ,저런 미인은 시골에선 보기 드물다,田舎(いなか)にちょっとした田畑(たはた)を持(も)っている. ,시골에 땅마지기나 가지고 있다
掲示,けいじ,게시,掲示(けいじ) ,게시,私設(しせつ)電子(でんし)掲示(けいじ)板(ばん). ,사설 전자 게시판,空室(くうしつ)あり((掲示(けいじ))). ,빈방 있음,今月(こんげつ)の目標(もくひょう)を掲示(けいじ)する. ,이달의 목표를 게시하다,相談(そうだん)掲示(けいじ)板(ばん)の即(そく)レス ,상담 게시판의 빠른 댓글
激しい,はげしい,"격하다, 세차다",水道管(すいどうかん)が古(ふる)びて漏水(ろうすい)が激(はげ)しい. ,수도관이 낡아 누수가 심하다,人(ひと)の行(ゆ)き来(き)が激(はげ)しい[絶(た)えない] ,사람의 왕래가 빈번하다[끊이지 않다].,激(はげ)しい衝撃(しょうげき)を受(う)けてどっと倒(たお)れた. ,심한 충격을 받고 덜컥 쓰러졌다,月(つき)の表面(ひょうめん)[外面(がいめん)]は温度(おんど)の差(さ)が激(はげ)しい. ,달의 표면은 온도 차가 심하다,激(はげ)しい地域(ちいき)格差(かくさ)もなくさねばならぬ. ,격심한 지역 격차도 없애야 한다
肩,かた,어깨,肩(かた)を軽(かる)くなでてやる. ,어깨를 가볍게 쓸어 주다,肩休(かたやす)めに一服(いっぷく)しよう. ,일손을 쉬고 한 대 피우자,洋服(ようふく)の肩(かた)に芯(しん)を入(い)れる. ,양복 어깨에 심을 넣다,先進国(せんしんこく)と肩(かた)を並(なら)べる. ,선진국과 어깨를 나란히 하다,肩(かた)の凝(こ)りをもみほぐす. ,어깨 결린 것을 주물러서 풀다
見せる,みせる,보여주다,武術(ぶじゅつ)の神髄(しんずい)を見(み)せる. ,무술의 정수를 보여 주다,もらった賞牌(しょうはい)を振(ふ)りかざして見(み)せる. ,받은 상패를 치켜들어 보이다,疲(つか)れた気配(けはい)もなくにこっと笑(わら)って見(み)せる. ,피곤한 기색도 없이 생글 웃어 보이다,笑顔(えがお)を見(み)せる ,웃음 띤 얼굴을 보이다,笑顔(えがお)を見(み)せる ,웃음 띤 얼굴을 보이다
見つかる,みつかる,"발견되다, 찾게되다",遺構(いこう)から多(おお)くの銅鐸(どうたく)が見(み)つかる. ,유구에서 많은 동탁이 발견되다,麻薬(まやく)の密輸入(みつゆにゅう)が見(み)つかる. ,마약 밀수입이 발각되다,カンニングを見(み)つかる. ,커닝을 들키다,お気(き)に入(い)りのヘアースタイルが見(み)つかる ,마음에 드는 머리 모양을 찾다,いい職場(しょくば)が見(み)つかる ,좋은 일자리가 나서다
見つける,みつける,"발견하다, 찾아내다",見(み)つける ,찾아내다; 발견해 내다.,遊弋(ゆうよく)中(ちゅう)の船(ふね)を見(み)つける. ,유익 중인 배를 발견하다,夜店(よみせ)[骨董屋(こっとうや)]で掘出(ほりだ)し物(もの)を見(み)つける ,야시[골동품 가게]에서 우연히 진귀하고 싼 물건을 찾아내다.,"解決(かいけつ)策(さく)を見(み)つけることができず,会議(かいぎ)が難航(なんこう)を重(かさ)ねる. ",해결책을 찾지 못해 회의가 난항을 거듭하다,抜(ぬ)け穴(あな)を見(み)つける ,도망쳐 나갈 구멍을 발견하다.
見本,みほん,견본(=サンプル),見本(みほん) ,견본,見本(みほん)は請求(せいきゅう)あり次第(しだい)無料(むりょう)で郵送(ゆうそう)いたします. ,견본은 청구하시는 대로 무료로 우송해 드립니다,見本(みほん)[サンプル]はご請求(せいきゅう)あり次第(しだい)無料(むりょう)で郵送(ゆうそう)します. ,견본은 청구하시는 대로 무료로 우송합니다,彼(かれ)は不良(ふりょう)の見本(みほん)だ. ,그는 불량배의 표본이다,現品(げんぴん)が見本(みほん)より落(お)ちる. ,현품이 견본보다 못하다
結ぶ,むすぶ,"잇다, 묶다, 맺다",二点(にてん)を結(むす)ぶ[通(とお)る]直線(ちょくせん). ,두 점을 잇는[지나는] 직선,相手国(あいてこく)と通商協定(つうしょうきょうてい)を結(むす)ぶ. ,상대국과 통상 협정을 맺다,二点(にてん)を結(むす)ぶ直線(ちょくせん)[最短距離(さいたんきょり)] ,두 점을 잇는 직선[최단 거리],東洋(とうよう)と西洋(せいよう)とを結(むす)ぶ精神的(せいしんてき)連鎖(れんさ). ,동양과 서양을 연결하는 정신적 연쇄,帯(おび)[くつのひも、ネクタイ、ふろしき]を結(むす)ぶ ,"허리띠[신끈, 넥타이, 보자기]를 매다"
疑問,ぎもん,의문,文末(ぶんまつ)に疑問(ぎもん)符(ふ)をつける. ,글 끝에 의문부를 찍다,疑問(ぎもん)に対(たい)して教(おし)えてやる. ,의문에 대하여 가르쳐 주다,彼(かれ)が行(ゆ)くかどうかは疑問(ぎもん)だ. ,그가 갈지 어쩔지는 의문이다,なお疑問(ぎもん)が存(そん)する ,아직 의문이 (남아) 있다.,疑問(ぎもん)を拭(ぬぐ)いきれない ,의문을 지울 수 없다
決める,きめる,"결정하다, 정하다",同点(どうてん)ゴールを決(き)める[アシストする] ,동점 골을 터뜨리다[어시스트 하다],大韓民国(だいかんみんこく)の国民(こくみん)たる要件(ようけん)は法律(ほうりつ)でもって決(き)める. ,대한민국의 국민의 요건은 법률로 정한다,責任(せきにん)の限界(げんかい)を決(き)める. ,책임의 한계를 긋다,規約(きやく)の大綱(たいこう)を決(き)める. ,규약의 대강령을 정하다,わざを決(き)める ,수를 써서 상대방을 꼼짝 못하게 하다
結果,けっか,결과,結果(けっか) ,결과.,薬理(やくり)作用(さよう)による結果(けっか). ,약리 작용에 의한 결과,結末(けつまつ)が不結果(ふけっか)に終(お)わる. ,결말이 좋지 않게 끝나다,再審(さいしん)の結果(けっか)復権(ふっけん)が許(ゆる)された. ,재심 결과 복권이 허용되었다,診察(しんさつ)結果(けっか)を言(い)いしぶる. ,진찰 결과를 제대로 말하지 못하고 머뭇거리다
決断,けつだん,결단,だれが死(し)のうと死生(しせい)の決断(けつだん)を下(くだ)そう. ,누가 죽든지 사생결단을 내자,決断(けつだん)の日(ひ)がどんどんと迫(せま)ってくる. ,결단을 내려야 할 날이 부쩍 다가오다,"決断(けつだん)[断案(だんあん), 英断(えいだん)]を下(くだ)す. ","결단[단안, 영단]을 내리다",決断(けつだん)為兼(しか)ねている ,결단을 내리지 못하고 있다.,状況(じょうきょう)を左見右見(とみこうみ)して決断(けつだん)できない ,상황을 이리저리 살피며 결단하지 못하다.
欠点,けってん,"결점, 약점(=弱点.じゃくてん)",我(が)を張(は)るのが君(きみ)の欠点(けってん)だ. ,고집부리는 게 네 병통이다,他人(たにん)の欠点(けってん)はよく目(め)につく. ,남의 흉은 눈에 잘 띈다,誰(だれ)彼(かれ)なしに欠点(けってん)はある. ,너 나 할 것 없이 누구나 결점은 있다,陰(かげ)で人(ひと)の欠点(けってん)をあげつらうな. ,뒤에서 남을 흉보지 마라,この人(ひと)にしてこの欠点(けってん)あり. ,이 사람에게도 이러한 결점이 있다
仕舞う,しまう,"치우다, 안에 넣다",縫(ぬ)い物(もの)を裁縫箱(さいほうばこ)に仕舞(しま)う. ,바느질감을 반짇고리에 담다,道具(どうぐ)を仕舞(しま)う. ,연장을 챙기다,道具(どうぐ)を仕舞(しま)う. ,연모를 치우다,道具(どうぐ)[おもちゃ]を仕舞(しま)う ,연모를[장난감을] 치우다,人(ひと)の秘密(ひみつ)を見(み)て仕舞(しま)う ,남의 비밀을 보고 말다
厚い,あつい,"두껍다, 두텁다",敬神(けいしん)の念(ねん)が厚(あつ)い. ,신을 공경하는 마음이 두텁다,彼(かれ)は友情(ゆうじょう)に厚(あつ)い男(おとこ)だ. ,그는 우정이 두터운 남자다,あのおばさんは情(じょう)が厚(あつ)い. ,저 아주머니는 마음이 후하다,厚(あつ)いシャツを何枚(なんまい)も着込(きこ)む. ,두꺼운 셔츠를 여러 장 껴입다,この地方(ちほう)は人情(にんじょう)が厚(あつ)いことで有名(ゆうめい)な所(ところ)だ. ,이 지방은 인심이 후하기로 유명한 곳이다
回収,かいしゅう,회수,回収(かいしゅう) ,회수.,"空(あ)き缶(かん)などを返(かえ)せば,一定(いってい)の金額(きんがく)が戻(もど)るデポジット制(せい)は広域的(こういきてき)に実施(じっし)すれば回収(かいしゅう)率(りつ)が高(たか)くなる. ","빈 깡통 등을 돌려주면, 일정한 금액을 되받는 디포짓제는 광역적으로 실시하면 회수율이 높아진다",廃品(はいひん)収集(しゅうしゅう); 廃品回収(かいしゅう). ,폐품 수집,カプセルを回収(かいしゅう)する. ,캡슐을 회수하다,廃品(はいひん)回収(かいしゅう) ,폐품 회수; 폐품 수집.
会費,かいひ,회비,会費(かいひ) ,회비,会費(かいひ)の不足分(ふそくぶん)を自腹(じばら)を切(き)って出(だ)す. ,회비 부족분을 자기 부담으로 내다,会費(かいひ)未納者(みのうしゃ)は除籍(じょせき)する. ,회비 미납자는 제적한다,税金(ぜいきん)[会費(かいひ)]が納(おさま)る ,세금이[회비가] 걷히다.,会費(かいひ)を集(あつ)める[納(おさ)める]. ,회비를 모으다[납입하다]
回す,まわす,"돌리다, 둘러치다",土地(とち)を売(う)った金(かね)を会社(かいしゃ)に回(まわ)す. ,땅 판 돈을 회사에 돌려주다,つまらないことで人(ひと)をこづき回(まわ)す. ,하찮은 일로 사람을 들들 볶다,ショープロにチャンネルを合(あ)わせる[回(まわ)す]. ,"쇼 프로에 채널을 맞추다[돌리다, 바꾸다]",翌月(よくげつ)に回(まわ)す. ,다음 달로 돌리다,適時(てきじ)に手(て)を回(まわ)す. ,적시에 손을 쓰다
強いる,しいる,강요하다,酒(さけ)を強(し)いる. ,술을 강권하다,自分(じぶん)の考(かんが)えを人(ひと)に強(し)いる ,자기 생각을 남에게 강요하다,自分(じぶん)の考(かんが)えを人(ひと)に強(し)いる ,자기 생각을 남에게 강요하다.,やりがい搾取(さくしゅ)を強(し)いる企業(きぎょう) ,열정 페이를 강요하는 기업,隣(となり)の乗客(じょうきゃく)に不便(ふべん)を強(し)いる大股(おおまた)広(ひろ)げの男(おとこ) ,옆자리 승객을 몹시 불편하게 하는 쩍벌남
早退,そうたい,조퇴,私用(しよう)で出(で)かけた[早退(そうたい)した] ,사사로운 일로 외출[조퇴]하였다.,午後(ごご)に早退(そうたい)します ,오후에 조퇴하겠습니다.,先生(せんせい)に断(ことわ)って早退(そうたい)する ,선생님의 사전 양해를 얻어 조퇴하다,私事(わたくしごと)で早退(そうたい)する ,개인적인 일로 조퇴하다,早退(そうたい)届(とどけ) ,조퇴계
活発,かっぱつ,활발(+だ하다/+な한),最近(さいきん)の商況(しょうきょう)[商状(しょうじょう)]は活発(かっぱつ)でない. ,최근의 상황은 활발하지 않다,動作(どうさ)が活発過(かっぱつす)ぎる. ,동작이 너무 활발하다,活発(かっぱつ)にはねまわる. ,활발히 뛰어 돌아다니다,政況(せいきょう)がとみに活発(かっぱつ)になる. ,정황이 갑자기 활발해지다,荷動(にうご)きが活発(かっぱつ)だ[鈍化(どんか)する] ,화물 이동이 활발하다[둔화되다].
価格,かかく,가격,価格(かかく) ,가격.,万(まん)ウォン以下(いか)の価格(かかく). ,만 원에 안튼 값,行使(こうし)価格(かかく)が市場(しじょう)価格(かかく)を上回(うわまわ)る[下回(したまわ)る] ,행사 가격이 시장 가격을 웃돌다[밑돌다],権利(けんり)行使(こうし)価格(かかく)で買(か)う[売(う)る] ,권리 행사 가격으로 사다[팔다],減産(げんさん)して価格(かかく)の安定(あんてい)をはかる. ,감산하여 가격 안정을 꾀하다
歓迎,かんげい,환영,歓迎(かんげい) ,환영,村(むら)じゅう総出(そうで)で歓迎(かんげい)する. ,온 마을이 총출동하여 환영하다,歓迎(かんげい)の人人(ひとびと)が立(た)ち並(なら)んで待(ま)っている. ,환영 인파가 줄지어 기다리고 있다,熱烈(ねつれつ)な歓迎(かんげい)をうける. ,열렬한 환영을 받다,熱狂(ねっきょう)的歓迎(かんげい)を受(う)ける. ,열광적인 환영을 받다
環境,かんきょう,환경,環境(かんきょう) ,환경,"社会(しゃかい)的適応(てきおう)[地位(ちい), 環境(かんきょう)] ","사회적 적응[지위, 환경]",環境団体(かんきょうだんたい)に名(な)を連(つら)ねる. ,환경 단체에 이름을 걸다,重金属(じゅうきんぞく)類(るい)による環境汚染(かんきょうおせん). ,중금속으로 인한 환경 오염,劣悪(れつあく)な労働(ろうどう)条件(じょうけん)[作業環境(さぎょうかんきょう)]. ,열악한 노동 조건[작업 환경]
丸い,まるい,"둥글다, 원만하다",まろやかな顔(かお)に丸(まる)い目(め)をしたかわいい少女(しょうじょ). ,둥그런 얼굴에 둥근 눈을 가진 귀여운 소녀,丸(まる)い顔(かお). ,뚱그런 얼굴,月(つき)が丸(まる)い. ,달이 동글다,丸(まる)い感(かん)じの人柄(ひとがら) ,모나지 않은 느낌을 주는 인품,出雲(いずも)そばの中(なか)では三段(さんだん)の丸(まる)い漆器(しっき)にそばを盛(も)って出(だ)す割子(わんこ)そばがもっとも有名(ゆうめい)です。 ,이즈모 소바에서는 3단의 둥근 칠기에 메밀 국수를 담아내다 와리코소바가 가장 유명합니다.
確実,かくじつ,확실(+だ하다/+な한),確実(かくじつ)だと見込(みこ)んで金(かね)を出(だ)す. ,확실하다고 믿고 돈을 내다,"とすれば,当選(とうせん)は確実(かくじつ)だ. ",그렇다면 당선은 확실하다,確実(かくじつ)な方法(ほうほう)[情報(じょうほう)] ,확실한 방법[정보],当選(とうせん)確実(かくじつ); 当確(とうかく)((준말)) ,당선 확실,先高(さきだか)が確実(かくじつ)である ,시세가 오를 것이 확실하다.
泣く,なく,울다,上(うえ)の子(こ)が泣(な)くと下(した)の子(こ)もつられて泣(な)く. ,큰애가 울자 작은애도 덩달아 운다,酒乱(しゅらん)の夫(おっと)に泣(な)く. ,주정이 심한 남편 때문에 고생하다,国会議員(こっかいぎいん)の名(な)が泣(な)く. ,국회 의원의 이름값도 못하다,枕(まくら)に顔(かお)をうずめて泣(な)く. ,베개에 얼굴을 파묻고 울다,泣(な)く子(こ)と地頭(じとう)には勝(か)てぬ. ,우는 애와 마름에게는 못 당한다
血液,けつえき,혈액,血液(けつえき) ,혈액,血(ち)を少(すこ)し採(と)って血液(けつえき)型(がた)を検査(けんさ)する. ,피를 조금 뽑아서 혈액형을 검사하다,血液(けつえき)が凝固(ぎょうこ)して服(ふく)にくっついてしまった. ,혈액이 응고하여 옷에 붙어 버렸다,肺(はい)は血液(けつえき)を浄化(じょうか)する. ,폐는 혈액을 정화한다,血液(けつえき)の循環(じゅんかん)がよくなる. ,혈액 순환이 좋아지다
話し合う,はなしあう,"서로 이야기하다, 의논하다",話(はな)し合(あ)う ,서로 이야기하다,ひそひそと話(はな)し合(あ)う. ,나지막이 쑥덕이다,腹(はら)を打(う)ち割(わ)って[裸(はだか)になって]話(はな)し合(あ)う. ,(속을) 터놓고 이야기하다,ひざを交(ま)じえて[突(つ)き合(あ)わせて]話(はな)し合(あ)う. ,무릎을 맞대고 얘기하다,虚心(きょしん)坦懐(たんかい)に[わだかまりなく]話(はな)し合(あ)う. ,허심탄회하게 서로 이야기하다
混雑,こんざつ,혼잡(+だ하다/+な한),混雑(こんざつ) ,혼잡,連休(れんきゅう)が始(はじ)まり高速(こうそく)道路(どうろ)が激(はげ)しく混雑(こんざつ)する. ,연휴가 시작되어 고속 도로가 심히 복작거린다,帰省(きせい)の人人(ひとびと)でターミナルはたいへん混雑(こんざつ)して[ごった返(がえ)して]いた. ,귀성 인파로 터미널은 북새통을 이루고 있었다,海水浴(かいすいよく)の客(きゃく)で駅(えき)が混雑(こんざつ)する ,해수욕 손님으로 역이 혼잡하다,海水浴(かいすいよく)の客(きゃく)で駅(えき)が混雑(こんざつ)する ,해수욕 손님으로 역이 혼잡하다.
混ぜる,まぜる,"혼합하다, 뒤섞다",米(こめ)を食(く)い延(の)ばすために麦(むぎ)を混(ま)ぜる. ,쌀을 느루 먹기 위해 보리를 섞다,ほかの薬(くすり)を混(ま)ぜる. ,다른 약을 지르다,卵(たまご)をよく混(ま)ぜる ,달걀을 잘 휘저어 섞다,卵(たまご)をよく混(ま)ぜる ,달걀을 잘 휘저어 섞다,絵(え)の具(ぐ)をよく混(ま)ぜる ,그림물감을 잘 개어서 섞다.
湖,みずうみ,호수,川上(かわかみ)に湖(みずうみ)がある. ,강 위쪽에 호수가 있다,湖(みずうみ)の美(うつく)しい情景(じょうけい)を詠(よ)む. ,호수의 아름다운 정경을 읊다,湖(みずうみ)に小(ちい)さな船(ふね)が浮(う)かんで行(い)く. ,호수에 작은 배가 떠가다,湖(みずうみ)に舟(ふね)を浮(う)かべて清遊(せいゆう)する. ,호수에 배를 띄우고 청유하다,ネス湖(こ)の怪獣(かいじゅう). ,네스호의 괴수
狭い,せまい,좁다,狭(せま)い部屋(へや)に割(わ)り込(こ)む. ,좁은 방에 비집고 들어가다,民間(みんかん)航空路(こうくうろ)の空域(くういき)が狭(せま)い. ,민간 항공로의 공역이 좁다,広(ひろ)いようで狭(せま)いのが世間(せけん)だ. ,넓은 것 같으면서도 좁은 게 세상이다,狭(せま)い通路(つうろ)をもみ合(あ)いへし合(あ)い通(とお)る. ,좁은 통로를 비비적거리며 지나다니다,席(せき)が狭(せま)いので詰(つ)めて座(すわ)ってください. ,좌석이 좁으니 다가앉아 주십시오
穴,あな,구멍,穴(あな)がぽつぽつ空(あ)いている. ,구멍이 송송 뚫려 있다,紙(かみ)にぶすっと穴(あな)をあける. ,종이에 폭 구멍을 뚫다,三番(さんばん)打者(だしゃ)の穴(あな)を埋(う)める. ,3번 타자의 빈자리를 메우다,箱(はこ)の天井(てんじょう)に穴(あな)をあける. ,상자의 천장에 구멍을 뚫다,きりでもんで穴(あな)をあける. ,송곳으로 비벼 구멍을 뚫다
現在,げんざい,현재,現在(げんざい)大学院(だいがくいん)に在学(ざいがく)している. ,현재 대학원에 재학하고 있다,現在(げんざい)の地位(ちい)にあぐらをかいている. ,현재의 지위에 안주하고 있다,その会社(かいしゃ)を現在(げんざい)までに守(も)り立(た)てたのはK(ケー)さんです. ,그 회사를 현재의 위치까지 끌어올린 것은 K 씨입니다,三人称(さんにんしょう)単数(たんすう)現在(げんさい). ,삼인칭 단수 현재,現在(げんざい)の孫(まご) ,현재 살아 있는 손자
暇,ひま,"틈, 짬, 한가함(+だ하다/+な한)",貧乏暇(びんぼうひま)なし. ,가난뱅이 쉴 새 없다,手紙(てがみ)を書(か)く暇(ひま)もない. ,편지(를) 쓸 사이도 없다,心(こころ)の安(やす)まる暇(ひま)がない. ,마음이 편할 날이 없다,席(せき)暖(あたた)まる暇(いとま)もない. ,자리에 붙어 있을 겨를이 없다,家庭(かてい)を顧(かえり)みる暇(いとま)がない. ,가정을 돌볼 겨를이 없다
現実,げんじつ,현실,現実(げんじつ)性(せい)のない作(つく)り話(ばなし)だ. ,현실성이 없는 조작된 이야기다,夢(ゆめ)と現実(げんじつ)が混在(こんざい)している作品(さくひん). ,꿈과 현실이 혼재해 있는 작품,傷(いた)ましい現実(げんじつ)に目(め)をつぶってしまう. ,참혹한 현실에 눈을 감아 버리다,現実(げんじつ)を楽観(らっかん)的(てき)にだけ見(み)ることはできない. ,현실을 낙관적으로만 볼 수 없다,その構想(こうそう)はあまりにも現実(げんじつ)とかけ離(はな)れている. ,그 구상은 너무 현실과 동떨어져 있다
ゆらゆら,ゆらゆら,(가벼운게)흔들리는 모양,水(みず)に映(うつ)った姿(すがた)がゆらゆらする. ,물에 비친 모습이 어른거리다,池(いけ)にうつった物影(ものかげ)がゆらゆらする. ,못에 비친 그림자가 얼른거리다,ゆらゆら揺(ゆ)れる ,흔들흔들 흔들리다,お湯(ゆ)から湯気(ゆげ)がゆらゆらと立(た)ち上(のぼ)る. ,더운물에서 김이 모락모락 피어오르다,ゆらゆらと春(はる)のかげろうが立(た)ち上(のぼ)っていた. ,아른아른 봄 아지랑이가 피어오르고 있었다
まだ,まだ,아직,まだ中中(なかなか)? ,아직 멀었나요; 아직도 시간이 걸릴까요.,まだ志(こころざし)を得(え)ず ,아직 뜻을 얻지 못하다,まだ早(はや)い感(かん)がある. ,아직 이른 느낌이 있다,まだ考(かんが)えが青(あお)い. ,아직 생각하는 게 미숙하다,彼(かれ)はまだ素人(しろうと)だよ. ,그 사람은 아직 날짜야
まごまご,まごまご,어찌할 바를 몰라 우물쭈물하는 모양,まごまごしないでさっさと歩(ある)け ,우물쭈물하지 말고 빨리빨리 걸어라.,まごまごしないでさっさと歩(ある)け. ,우물쭈물하지 말고 빨리빨리 걸어라,まごまごしているうちに全部(ぜんぶ)逃(のが)してしまった. ,어물어물하는 동안에 다 놓쳐 버렸다,道(みち)が分(わ)からなくてまごまごする. ,길을 몰라서 어물거리다,まごまごしないでさっさと歩(ある)きなさい ,우물쭈물하지 말고 빨리빨리 걸어라
ぶらぶら,ぶらぶら,어슬렁어슬렁 거니는 모양,ぶらぶら(と)歩(ある)いて駅(えき)まで五分(ごふん)かかった ,어슬렁어슬렁 걸어서 역까지 5분 걸렸다.,大学(だいがく)を出(で)てもう二年間(にねんかん)もぶらぶらしている ,대학을 나와서 벌써 2년 동안이나 빈둥빈둥 놀고 있다.,漫然(まんぜん)と[ぶらぶら]日(ひ)を送(おく)る ,할 일 없이[빈둥빈둥] 날을 보내다,海岸(かいがん)をぶらぶら(と)歩(ある)く ,해안을 어슬렁어슬렁 걷다,ぶらぶら遊(あそ)んでばかりいる失業者(しつぎょうしゃ). ,퍼니 놀고만 있는 실업자
ぶつかる,ぶつかる,"부딪치다, 맞닥뜨리다",結婚問題(けっこんもんだい)で父(ちち)とぶつかる ,결혼 문제로 아버지와 충돌하다,塀(へい)にどおんとぶつかる ,담에 쿵 하고 부딪치다,捨(す)て身(み)の覚悟(かくご)でぶつかる. ,결사적인 각오로 부딪쳐 나가다,捨身(すてみ)の覚悟(かくご)でぶつかる ,결사의 각오로 부딪쳐 나가다.,あとへ退(しさ)ると壁(かべ)にぶつかる ,뒤로 물러나면 벽에 부딪친다.
鋭い,するどい,"날카롭다, 예리하다",耳(みみ)がさとい[鋭(するど)い] ,귀가 예민하다; 잘 듣다,鋭(するど)い筆鋒(ひっぽう)で相手方(あいてがた)を突(つ)く. ,날카로운 필봉으로 상대편을 치다,鋭(するど)い質問(しつもん)で大臣(だいじん)をやりこめる. ,날카로운 질문으로 장관을 몰아세우다,記者(きしゃ)たちは鋭(するど)い質問(しつもん)で長官(ちょうかん)に食(く)いさがった. ,기자들은 날카로운 질문으로 장관을 물고 늘어졌다,鋭(するど)い刃先(はさき). ,서슬이 푸른 칼날
輸入,ゆにゅう,수입,輸入品(ゆにゅうひん)に十(じゅっ)パーセントの課徴(かちょう)金(きん)を課(か)する. ,수입품에 10퍼센트의 과징금을 과하다,逆輸入(ぎゃくゆにゅう)車(しゃ). ,역수입 차,原毛(げんもう)の輸入(ゆにゅう). ,원모(의) 수입,輸入(ゆにゅう)割当制(わりあてせい). ,수입 할당제,麻薬(まやく)の密輸入(みつゆにゅう)が見(み)つかる. ,마약 밀수입이 발각되다
はっきり,はっきり,"확실히, 뚜렷하게",この際(さい)はっきり言(い)っておくが ,차제에 분명히 말해 두지만,はっきりしたことはまだ分(わ)からない ,확실한 것은 아직 모른다,今日(きょう)こそはっきりしてもらおう ,오늘이야말로 분명히 해주기 바란다.,語意(ごい)がはっきりしない ,말의 뜻이 분명치 않다.,総(すべ)てをはっきりさせる ,모든 것을 분명히 하다
決心,けっしん,결심,なかなか決心(けっしん)がつかない. ,좀처럼 결심이 안 선다,断固(だんこ)と決心(けっしん)して酒(さけ)を断(た)つ. ,마음을 굳게 먹고 술을 끊다,一大(いちだい)決心(けっしん)して発表(はっぴょう)することにした. ,큰마음 먹고 발표하기로 하였다,二度(にど)と会(あ)うまいと心(こころ)の底(そこ)でかたく決心(けっしん)した. ,두 번 다시 만나지 않겠다고 마음속으로 굳게 다짐했다,心(こころ)に固(かた)く決心(けっしん)する. ,마음을 단단히 지어먹다
鏡,かがみ,거울,湯気(ゆげ)で鏡(かがみ)がかすむ. ,김이 서려 거울이 뿌예지다,鏡(かがみ)の前(まえ)でめかしこんでいる. ,거울 앞에서 모양내고 있다,人(ひと)の失敗(しっぱい)を我(わ)が身(み)の鏡(かがみ)とする. ,남의 실패를 자신의 거울로 삼다,湯気(ゆげ)が窓(まど)ガラス[鏡(かがみ)]を曇(くも)らせた ,김이 (서려) 유리창[거울]을 흐리게 했다,鏡(かがみ)に映(うつ)った顔(かお)がゆがんでみえる. ,거울에 비친 얼굴이 일그러져 보이다
軽い,かるい,가볍다,その子(こ)は口(くち)が軽(かる)い. ,그 애는 입이 싸다,車重(しゃじゅう)が軽(かる)い[重(おも)い]車(くるま) ,차량 중량이 가벼운[무거운] 차,ぐっすり寝(ね)たので身(み)が軽(かる)い. ,푹 잤더니 몸이 가뜬하다,彼(かれ)は軽(かる)い気分(きぶん)で旅(たび)に出(で)た. ,그는 홀가분한 기분으로 여행을 떠났다,ぐっすり休(やす)んだので足(あし)が軽(かる)い. ,푹 쉬었더니 다리가 거분하다
驚く,おどろく,놀라다,まさに驚(おどろ)くべきことだ. ,가위 놀랄 만한 일이로다,それしきのことに驚(おどろ)くな. ,그만한 일에 놀라지 마라,飛(と)びあがらんばかりに驚(おどろ)く. ,펄쩍 뛸 듯이 놀라다,驚(おどろ)くべき記憶力(きおくりょく)を有(ゆう)する. ,놀라운 기억력을 가지고 있다,ひとかたならず喜(よろこ)ぶ[驚(おどろ)く] ,적잖이 기뻐하다[놀라다]; 여간 기뻐하지[놀라지] 않다.
景色,けしき,"경치, 풍경",景色(けしき) ,경치.,景色(けいしょく·けしき) ,경치,一幅(いっぷく)の絵(え)になる景色(けしき). ,일폭의 그림 같은 풍경,車窓(しゃそう)から景色(けしき)を眺(なが)める. ,차창을 통해 경치를 내다보다,鉄道(てつどう)沿線(えんせん)の景色(けしき)に見入(みい)る. ,철도 연선의 풍경을 주시하다
経営,けいえい,경영,経営(けいえい) ,경영.,我(わ)が社(しゃ)の経営方針(けいえいほうしん). ,우리 사의 경영 방침,経営(けいえい)不振(ふしん)の外的(がいてき)な要因(よういん). ,경영 부진의 외적인 요인,会社(かいしゃ)の経営(けいえい)に才腕(さいわん)を振(ふ)るう. ,회사 경영에 재완을 발휘하다,学校経営(がっこうけいえい)のからくりを知(し)り抜(ぬ)く. ,학교 경영의 이면을 속속들이 알다
経由,けいゆ,경유,彼(かれ)らはアメリカ経由(けいゆ)でヨーロッパに行(い)った. ,그들은 미국을 돌아서 유럽으로 갔다,米国(べいこく)を経由(けいゆ)して帰国(きこく)する. ,미국을 경유하여 귀국하다,ボットはネットワーク経由(けいゆ)でコマンドを実行(じっこう)できる ,봇은 네트워크를 경유하여 명령을 실행할 수 있다,リターゲティング広告(こうこく)経由(けいゆ)で商品(しょうひん)を購入(こうにゅう)した経験(けいけん)がある ,리타깃팅 광고를 통해 상품을 구입한 경험이 있다,経由(けいゆ)手続(てつづき) ,경유 절차
経験,けいけん,경험,かつてそういう経験(けいけん)もした. ,일찍이 그런 경험도 했다,かつてそういう経験(けいけん)もした. ,그전에 그런 경험도 했다,失敗(しっぱい)の経験(けいけん)を土台(どだい)とする. ,실패한 경험을 디딤돌로 삼다,経験(けいけん)をもとに商売(しょうばい)を始(はじ)める. ,경험을 토대로 장사를 시작하다,初恋(はつこい)は誰(だれ)にとってもほろ苦(にが)い経験(けいけん)だ. ,첫사랑은 누구에게나 씁쓸한 경험이다
計算,けいさん,계산,計算(けいさん) ,계산,計算(けいさん)がぴったり[かっちり]合(あ)わない. ,계산이 딱 들어맞지 않는다,計算(けいさん)がちょっと遅(おそ)いんですが正確(せいかく)です. ,계산이 좀 더디지만 정확합니다,計算(けいさん)が合(あ)わない. ,산이 안 맞는다,利息(りそく)計算(けいさん)早見表(はやみひょう). ,이자 계산 조견표
係員,かかりいん,담당자,係員(かかりいん) ,계원.,担当(たんとう)者(しゃ); 係員(かかりいん) ,담당자,詳細(しょうさい)は係員(かかりいん)にお尋(たず)ねください. ,상세한 것은 계원에게 물으십시오,係員(かかりいん)以外(いがい)は入室(にゅうしつ)してはいけない. ,담당자 이외는 입실해서는 안 된다,係員(かかりいん)にお金(かね)を摑(つか)ませる ,계원에게 돈을 (뇌물로) 쥐어 주다
計画,けいかく,계획,計画(けいかく) ,계획.,経済開発(けいざいかいはつ)五箇年計画(ごかねんけいかく). ,경제 개발 오개년 계획,研究計画(けんきゅうけいかく)を始動(しどう)させる. ,연구 계획에 시동을 걸다,計画(けいかく)は実際水泡(すいほう)に帰(き)した. ,계획은 사실상 수포로 돌아갔다,執行(しっこう)計画(けいかく)に修正(しゅうせい)を加(くわ)える. ,집행 계획에 수정을 가하다
固い,かたい,"딱딱하다, 굳다",固(かた)い石炭(せきたん)の塊(かたまり)を砕(くだ)く. ,굳은 석탄 덩어리를 바수다,固(かた)い飴(あめ)も温(あたた)めるとやわらかくなる. ,딱딱한 엿도 따뜻하게 하면 눅진해진다,固(かた)いとかまずいとか不平(ふへい)を並(なら)べ立(た)てる. ,딱딱하다는 둥 맛이 없다는 둥 투정을 한다,我(われ)らはここに固(かた)い意志(いし)を表明(ひょうめい)するところである. ,우리는 이에 굳건한 의지를 표명하는 바이다,固(かた)い結(むす)び目(め). ,단단하게 맨 매듭
苦い,にがい,"(맛)쓰다, 괴롭다(=辛い)",苦(にが)い薬(くすり)を目(め)をつぶってぐっと[ぐいと]飲(の)み下(くだ)す. ,쓴 약을 눈 감고 꿀떡 삼키다,ひどく苦(にが)い薬(くすり). ,아주 쓴 약,味(あじ)がひどく苦(にが)い. ,맛이 소태 같다,苦(にが)い経験(けいけん)をする. ,쓴 경험을 하다,苦(にが)い経験(けいけん)が生(い)かされる. ,쓰라린 경험이 활용되다
取り替える,とりかえる,"교체하다, 교환하다",ラジオの電池(でんち)を取(と)り替(か)える. ,라디오의 약을 갈아 끼우다,靴(くつ)の底(そこ)を取(と)り替(か)える. ,구두창을 갈다,新(あたら)しい物(もの)に取(と)り替(か)える. ,새것으로 대체하다,(靴(くつ)の)かかとを取(と)り替(か)える; ‘나막신(＝木履(ぼくり))’の歯(は)を取(と)り替(か)える. ,굽을 갈다,部品(ぶひん)を組(く)み立(た)てる[取(と)り替(か)える] ,부품을 조립하다[바꾸다]
苦しい,くるしい,"괴롭다, (생계)어렵다",苦(くる)しい時(とき)は相身(あいみ)互(たが)いです. ,어려울 때는 상호 부조해야지요,走(はし)り続(つづ)けたので息(いき)が苦(くる)しい. ,계속 달렸기 때문에 숨이 가쁘다,彼女(かのじょ)の苦(くる)しい立場(たちば)を思(おも)いやる. ,그녀의 딱한 처지를 알아주다,友達(ともだち)に苦(くる)しい事情(じじょう)を切(せつ)に訴(うった)えた. ,친구에게 괴로운 사정을 하소연하였다,これほどにまで苦(くる)しいとは思(おも)わなかった. ,이다지 괴로울 줄 몰랐다
永遠,えいえん,영원,永遠(えいえん) ,영원,彼(かれ)は永遠(えいえん)にあの世(よ)に逝(い)ってしまった. ,그는 영 저세상으로 가 버렸다,永(なが)い[永遠(えいえん)の]眠(ねむ)りにつく ,영원히 잠들다; 죽다.,芸術(げいじゅつ)の永遠(えいえん)性(せい). ,예술의 영원성,永遠(えいえん)に変(か)わらぬ心(こころ) ,영원토록 변하지 않는 마음
戻す,もどす,"(원래 자리, 상태)되돌리다",罪人(ざいにん)を教誨(きょうかい)して真人間(まにんげん)に戻(もど)す. ,죄인을 교회하여 참사람으로 돌아가게 하다,赤(あか)ちゃんが乳(ちち)を戻(もど)す. ,갓난아기가 젖을 게우다,車(くるま)を少(すこ)し戻(もど)す[バックさせる]. ,차를 좀 후진시키다,忘(わす)れた感覚(かんかく)[記憶(きおく)]を呼戻(よびもど)す ,잃었던 감각[기억]을 되찾다.,白紙(はくし)に戻(もど)す[返(かえ)す]. ,백지로 돌리다
きつい,きつい,"(정도)심하다, 꽉 끼다",靴(くつ)がきつい ,구두가 꼭 끼다,きつい酔(よ)いよう ,몹시 취한 모양,靴(くつ)が小(ちい)さくてきつい ,구두가 작아서 꼭 낀다,きつい寒(さむ)さ ,혹한.,きつい訓練(くんれん)に音(ね)を上(あ)げる. ,호된 훈련에 죽는소리를 하다
故障,こしょう,고장,故障(こしょう) ,이의,故障(こしょう)で走行(そうこう)不能(ふのう)になる. ,고장으로 주행 불능이 되다,故障(こしょう)で飛行機(ひこうき)が不時(ふじ)着(ちゃく)した. ,고장으로 비행기가 불시 착륙했다,工事(こうじ)計画(けいかく)に狂(くる)い[故障(こしょう)]が生(しょう)ずる. ,공사 계획에 차질이 생기다,故障(こしょう)した船(ふね)を港(みなと)まで曳航(えいこう)する. ,고장 난 배를 항구까지 예항하다
曲がる,まがる,"(모퉁이)돌다, 구부러지다",年(とし)を取(と)って腰(こし)が曲(ま)がる. ,나이를 먹어서 허리가 고부라지다,その角(かど)を曲(ま)がるとタバコ屋(や)がある. ,그 모퉁이를 돌면 담배 가게가 있다,路地(ろじ)を突(つ)き当(あ)たって右(みぎ)に曲(ま)がる. ,골목길의 막다른 곳에서 오른쪽으로 돌다,十字路(じゅうじろ)がある.其処(そこ)を右(みぎ)に曲(ま)がる ,십자로[네거리]가 있다. 거기서 오른쪽으로 꼬부라진다,廊下(ろうか)を鉤(かぎ)の手(て)に曲(ま)がる. ,복도를 직각으로 꼬부라지다
困る,こまる,곤란하다,その日(ひ)の糧(かて)にも困(こま)る. ,그날 양식도 대기 어렵다,困(こま)るのはお互(たが)いさまだ. ,곤란한 것은 피차 마찬가지다,当座(とうざ)の口(くち)しのぎにも困(こま)る. ,당장 입에 풀칠하기도 어렵다,一定(いってい)の規則(きそく)なしでは困(こま)る. ,일정한 규칙 없이는 곤란하다,差(さ)しあたって困(こま)ることはない. ,당장 어려운 일은 없다
空,から,"허공, 빔",雨(あま)[雪(ゆき)]催(もよ)いの空(そら) ,비가[눈이] 올 듯한 날씨.,南(みなみ)の空(そら)に虹(にじ)が出(で)た. ,남쪽 하늘에 무지개가 섰다,雪(ゆき)もよいの空(そら); 雪日和(ゆきびより) ,눈이 내릴 듯한 날씨,天馬(てんば)が空(くう)を行(ゆ)く勢(いきお)い. ,천마가 하늘을 나는 기세,歓声(かんせい)が空(そら)にどよめく. ,환성이 하늘에 울려 퍼지다
空席,くうせき,공석,空席(くうせき); 空(あ)いた席(せき) ,빈 자리,満員(まんいん)で空席(くうせき)がない. ,만원으로 빈자리가 없다,空席(くうせき)を探(さが)す. ,공석을 찾다,部長(ぶちょう)のポストに空席(くうせき)がある ,부장 자리가 비어 있다.,列車(れっしゃ)が込(こ)んで空席(くうせき)がない ,열차가 붐벼서 빈자리가 없다.
共通,きょうつう,공통,共通(きょうつう) ,공통,二(ふた)つの事件(じけん)には案(あん)の定(じょう)共通(きょうつう)点(てん)があった. ,두 사건에는 역시 공통점이 있었다,それは生物(せいぶつ)に共通(きょうつう)する普遍(ふへん)的(てき)な性質(せいしつ)だ. ,그것은 생물에 공통되는 보편적 성질이다,英語(えいご)は世界(せかい)の共通(きょうつう)語(ご)だ. ,영어는 세계의 공통어다,独(ひと)りっ子(こ)に共通(きょうつう)した性格(せいかく). ,독자에게 공통된 성격
過程,かてい,과정,過程(かてい) ,과정.,宇宙(うちゅう)の誕生過程(たんじょうかてい)を理論(りろん)化(か)する. ,우주의 탄생 과정을 이론화하다,調査過程(ちょうさかてい)で非人格的(ひじんかくてき)な待遇(たいぐう)を受(う)けた. ,조사 과정에서 비인격적인 대우를 받았다,地球(ちきゅう)の生成(せいせい)過程(かてい). ,지구의 생성 과정,博士(はくし)の過程(かてい)を修了(しゅうりょう)する. ,박사 과정을 수료하다
郊外,こうがい,교외,郊外(こうがい) ,교외,郊外(こうがい)に住(す)む. ,문밖에 살다,郊外(こうがい)に居住(きょじゅう)している[住(す)んでいる]. ,교외에 거주하고 있다,郊外(こうがい)[東京(とうきょう)]に引越(ひっこ)す ,교외[東京]로 이사하다,ひと日(ひ)郊外(こうがい)に遊(あそ)ぶ ,어느 날 교외에서 놀다.
